{
  "type": "minecraft:chest",
  "pools": [
    {
      "rolls": {
        "min": 2.0,
        "max": 3.0,
        "type": "minecraft:uniform"
      },
      "entries": [
        {
          "type": "minecraft:item",
          "weight": 30,
          "name": "minecraft:ender_pearl"
        },
        {
          "type": "minecraft:item",
          "weight": 3,
          "functions": [
            {
              "function": "minecraft:set_count",
              "count": {
                "min": 1.0,
                "max": 3.0,
                "type": "minecraft:uniform"
              }
            }
          ],
          "name": "minecraft:diamond"
        },
        {
          "type": "minecraft:item",
          "weight": 10,
          "functions": [
            {
              "function": "minecraft:set_count",
              "count": {
                "min": 1.0,
                "max": 5.0,
                "type": "minecraft:uniform"
              }
            }
          ],
          "name": "minecraft:iron_ingot"
        },
        {
          "type": "minecraft:item",
          "weight": 5,
          "functions": [
            {
              "function": "minecraft:set_count",
              "count": {
                "min": 1.0,
                "max": 3.0,
                "type": "minecraft:uniform"
              }
            }
          ],
          "name": "minecraft:gold_ingot"
        },
        {
          "type": "minecraft:item",
          "weight": 15,
          "functions": [
            {
              "function": "minecraft:set_count",
              "count": {
                "min": 1.0,
                "max": 3.0,
                "type": "minecraft:uniform"
              }
            }
          ],
          "name": "minecraft:cooked_beef"
        },
        {
          "type": "minecraft:item",
          "weight": 5,
          "name": "minecraft:iron_pickaxe"
        },
        {
          "type": "minecraft:item",
          "weight": 5,
          "name": "minecraft:iron_sword"
        },
        {
          "type": "minecraft:item",
          "name": "minecraft:golden_apple"
        }
      ]
    }
  ]
}