{
  "display": {
    "icon": {
      "item": "minecraft:end_stone"
    },
    "title": {
      "translate": "advancements.end.root.title"
    },
    "description": {
      "translate": "advancements.end.root.description"
    },
    "frame": "task",
    "show_toast": false,
    "announce_to_chat": false,
    "hidden": false,
    "background": "minecraft:textures/gui/advancements/backgrounds/end.png"
  },
  "criteria": {
    "entered_end": {
      "trigger": "minecraft:changed_dimension",
      "conditions": {
        "to": "minecraft:the_end"
      }
    }
  },
  "requirements": [
    [
      "entered_end"
    ]
  ],
  "rewards": {
	"function": "pogloot:dragonwait"
  }
}