{
  "type": "minecraft:chest",
  "pools": [
    {
      "rolls": 5,
      "entries": [
        {
          "type": "minecraft:group",
          "children": [
            {
              "type": "minecraft:item",
              "weight": 1,
              "name": "minecraft:iron_ingot",
              "functions": [
                {
                  "function": "minecraft:set_count",
                  "count": {
                    "min": 3,
                    "max": 5
                  }
                }
              ]
            },
            {
              "type": "minecraft:item",
              "weight": 1,
              "name": "minecraft:gold_block",
              "functions": [
                {
                  "function": "minecraft:set_count",
                  "count": {
                    "min": 1,
                    "max": 1
                  }
                }
              ]
            },
            {
              "type": "minecraft:item",
              "weight": 1,
              "name": "minecraft:string",
              "functions": [
                {
                  "function": "minecraft:set_count",
                  "count": {
                    "min": 10,
                    "max": 15
                  }
                }
              ]
            },
            {
              "type": "minecraft:item",
              "weight": 1,
              "name": "minecraft:cooked_porkchop",
              "functions": [
                {
                  "function": "minecraft:set_count",
                  "count": {
                    "min": 5,
                    "max": 7
                  }
                }
              ]
            },
            {
              "type": "minecraft:item",
              "weight": 1,
              "name": "minecraft:obsidian",
              "functions": [
                {
                  "function": "minecraft:set_count",
                  "count": {
                    "min": 5,
                    "max": 8
                  }
                }
              ]
            }
          ]
        }
      ]
    }
  ]
}
