{
  "type": "minecraft:chest",
  "pools": [
    {
      "rolls": {
        "min": 5.0,
        "max": 10.0,
        "type": "minecraft:uniform"
      },
      "entries": [
        {
          "type": "minecraft:item",
          "weight": 3,
          "functions": [
            {
              "function": "minecraft:set_count",
              "count": {
                "min": 3.0,
                "max": 5.0,
                "type": "minecraft:uniform"
              }
            }
          ],
          "name": "minecraft:diamond"
        },
        {
          "type": "minecraft:item",
          "weight": 10,
          "functions": [
            {
              "function": "minecraft:set_count",
              "count": {
                "min": 1.0,
                "max": 5.0,
                "type": "minecraft:uniform"
              }
            }
          ],
          "name": "minecraft:iron_ingot"
        },
        {
          "type": "minecraft:item",
          "weight": 5,
          "functions": [
            {
              "function": "minecraft:set_count",
              "count": {
                "min": 3.0,
                "max": 6.0,
                "type": "minecraft:uniform"
              }
            }
          ],
          "name": "minecraft:gold_ingot"
        },
        {
          "type": "minecraft:item",
          "weight": 15,
          "functions": [
            {
              "function": "minecraft:set_count",
              "count": {
                "min": 1.0,
                "max": 3.0,
                "type": "minecraft:uniform"
              }
            }
          ],
          "name": "minecraft:bread"
        },
        {
          "type": "minecraft:item",
          "weight": 15,
          "functions": [
            {
              "function": "minecraft:set_count",
              "count": {
                "min": 1.0,
                "max": 3.0,
                "type": "minecraft:uniform"
              }
            }
          ],
          "name": "minecraft:golden_apple"
        },
        {
          "type": "minecraft:item",
          "weight": 5,
          "name": "minecraft:iron_pickaxe"
        },
        {
          "type": "minecraft:item",
          "weight": 5,
          "name": "minecraft:iron_sword"
        },
        {
          "type": "minecraft:item",
          "weight": 5,
          "name": "minecraft:iron_chestplate"
        },
        {
          "type": "minecraft:item",
          "weight": 5,
          "name": "minecraft:iron_helmet"
        },
        {
          "type": "minecraft:item",
          "weight": 5,
          "name": "minecraft:iron_leggings"
        },
        {
          "type": "minecraft:item",
          "weight": 5,
          "name": "minecraft:iron_boots"
        },
        {
          "type": "minecraft:item",
          "weight": 5,
          "functions": [
            {
              "function": "minecraft:set_count",
              "count": {
                "min": 7.0,
                "max": 18.0,
                "type": "minecraft:uniform"
              }
            }
          ],
          "name": "minecraft:obsidian"
        },
        {
          "type": "minecraft:item",
          "weight": 3,
          "name": "minecraft:saddle"
        },
        {
          "type": "minecraft:item",
          "name": "minecraft:diamond_horse_armor"
        }
      ]
    }
  ]
}