{
  "type": "minecraft:chest",
  "pools": [
    {
      "rolls": {
        "min": 1.0,
        "max": 5.0,
        "type": "minecraft:uniform"
      },
      "entries": [
        {
          "type": "minecraft:item",
          "functions": [
            {
              "function": "minecraft:set_count",
              "count": {
                "min": 1.0,
                "max": 3.0,
                "type": "minecraft:uniform"
              }
            }
          ],
          "name": "minecraft:clay_ball"
        },
        {
          "type": "minecraft:item",
          "name": "minecraft:flower_pot"
        },
        {
          "type": "minecraft:item",
          "weight": 2,
          "name": "minecraft:stone"
        },
        {
          "type": "minecraft:item",
          "weight": 2,
          "name": "minecraft:stone_bricks"
        },
        {
          "type": "minecraft:item",
          "weight": 4,
          "functions": [
            {
              "function": "minecraft:set_count",
              "count": {
                "min": 1.0,
                "max": 4.0,
                "type": "minecraft:uniform"
              }
            }
          ],
          "name": "minecraft:bread"
        },
        {
          "type": "minecraft:item",
          "name": "minecraft:yellow_dye"
        },
        {
          "type": "minecraft:item",
          "name": "minecraft:smooth_stone"
        },
        {
          "type": "minecraft:item",
          "name": "minecraft:emerald"
        }
      ]
    }
  ]
}